Workbook

Sheet Sheet1
A1: =_xlfn.DISPIMG("ID_E5F16E92F4164DD3808EB5806117DC00",1) -> =DISPIMG("ID_E5F16E92F4164DD3808EB5806117DC00",1) | D1: PT. VANTSING INTERNATIONAL GROUP
D3: Address 地址： Soldays X Lesso Jl. Raya Daan Mogot No 1 RT 06 Rw 02, Samping Rusun Polri RQR9 H7P RT06RW02, North Kedoya Kebonjeruk, West Jakarta, DKI Jakarta, 11520.
A4: 万鼎 | D4: Contact Person联系人：Rubi Contact Number / 联系电话 ： +62 878-2061-8709 Mail：vantsing@vtintl.id
A5: 报价单 PENAWARAN HARGA
A6: NO | B6: Nama Permintaan | C6: Spesifikasi Permintaan | D6: Satuan | E6: QTY | F6: Product number | G6: Nama Penawaran | H6: Nama Indonesia | I6: Spesifikasi Penawaran | J6: Satuan | K6: QTY | L6: Brand | M6: Harga | N6: Total Harga | O6: Catatan
A7: 序号 | B7: 询价名称 | C7: 询价规格 | D7: 单位 | E7: 数量 | F7: 产品编号 | G7: 报价名称 | H7: 印尼名称 | I7: 报价规格 | J7: 单位 | K7: 数量 | L7: 品牌 | M7: 单价 | N7: 总额 | O7: 备注
A8: 1 | B8: 排水管 | C8: 150 | D8: 根 | E8: 7 | F8: 8020010044 | G8: =VLOOKUP(F8,'[1]国标管件 1'!$C:$I,2,FALSE) -> 建筑排水用PVC-U管(A)白色 dn160 4M | H8: =VLOOKUP(F8,'[1]国标管件 1'!$C:$I,3,FALSE) -> PVC-U Drain Pipe(A) dn160 4M - LESSO | I8: dn160 | J8: 4M/根 | K8: =E8 -> 7 | L8: 联塑 | M8: =VLOOKUP(F8,'[1]国标管件 1'!$C:$I,7,FALSE) -> 292456 | N8: =M8*K8 -> 2047192 | O8: 现货
A9: 2 | B9: 排水管 | C9: 150直通 | D9: 个 | E9: 6 | F9: 8020020748 | G9: =VLOOKUP(F9,'[1]国标管件 1'!$C:$I,2,FALSE) -> 直通(管)PVC-U排水配件白色dn160 | H9: =VLOOKUP(F9,'[1]国标管件 1'!$C:$I,3,FALSE) -> Straight-through (Pipe Clamp) PVC-U drainage fitting white dn160 - LESSO | I9: dn160 | J9: =D9 -> 个 | K9: =E9 -> 6 | L9: 联塑 | M9: =VLOOKUP(F9,'[1]国标管件 1'!$C:$I,7,FALSE) -> 20062 | N9: =M9*K9 -> 120372 | O9: 现货
A10: 3 | B10: 排水管 | C10: 150 三通 | D10: 个 | E10: 1 | F10: 8020020337 | G10: =VLOOKUP(F10,'[1]国标管件 1'!$C:$I,2,FALSE) -> 90°顺水三通(等径三通)PVC-U排水配件白色 dn160 | H10: =VLOOKUP(F10,'[1]国标管件 1'!$C:$I,3,FALSE) -> dn160 Sanitary tee(PVC-U DF) | I10: dn160 | J10: 个 | K10: 1 | L10: 联塑 | M10: =VLOOKUP(F10,'[1]国标管件 1'!$C:$I,7,FALSE) -> 64044 | N10: =M10*K10 -> 64044 | O10: 现货
A11: 4 | B11: 排水管 | C11: 90度弯头 | D11: 个 | E11: 3 | F11: 8020020592 | G11: =VLOOKUP(F11,'[1]国标管件 1'!$C:$I,2,FALSE) -> 90°直角弯头PVC-U排水配件白色 dn160 | I11: dn160 | J11: =D11 -> 个 | K11: =E11 -> 3 | L11: 联塑 | M11: =VLOOKUP(F11,'[1]国标管件 1'!$C:$I,7,FALSE) -> 42570 | N11: =M11*K11 -> 127710 | O11: 现货
A12: 5 | B12: 排水管 | C12: 45度弯头 | D12: 个 | E12: 8 | F12: 8020020558 | G12: =VLOOKUP(F12,'[1]国标管件 1'!$C:$I,2,FALSE) -> 45°弯头PVC-U排水配件白色 dn160 | H12: =VLOOKUP(F12,'[1]国标管件 1'!$C:$I,3,FALSE) -> 45° Elbow (PVC-U DF) dn160 - LESSO | I12: dn160 | J12: =D12 -> 个 | K12: =E12 -> 8 | L12: 联塑 | M12: =VLOOKUP(F12,'[1]国标管件 1'!$C:$I,7,FALSE) -> 32477 | N12: =M12*K12 -> 259816 | O12: 现货
A13: 6 | B13: 排水管 | C13: 150管夹 | D13: 个 | E13: 11 | F13: 8020020182 | G13: =VLOOKUP(F13,'[1]国标管件 1'!$C:$I,2,FALSE) -> PVC管卡(配尖咀螺丝)PVC-U排水配件白色 dn160 | H13: =VLOOKUP(F13,'[1]国标管件 1'!$C:$I,3,FALSE) -> dn160 PVC pipe clamp(TS PVC-U DF) | I13: =_xlfn.DISPIMG("ID_678C06D8FD2743858F179D7FABF1A445",1) -> =DISPIMG("ID_678C06D8FD2743858F179D7FABF1A445",1) | J13: =D13 -> 个 | K13: =E13 -> 11 | L13: 联塑 | M13: =VLOOKUP(F13,'[1]国标管件 1'!$C:$I,7,FALSE) -> 11114 | N13: =M13*K13 -> 122254 | O13: 现货
A14: 7 | B14: 排水管 | C14: 150变110 直通 | D14: 个 | E14: 1 | F14: 8020020049 | G14: =VLOOKUP(F14,'[1]国标管件 1'!$C:$I,2,FALSE) -> 大小头PVC-U排水配件白色 dn160×110 | H14: =VLOOKUP(F14,'[1]国标管件 1'!$C:$I,3,FALSE) -> dn160X110 Reducing bushing(PVC-U DF) -LESSO | I14: =_xlfn.DISPIMG("ID_A0F5DF1EE69948DCA8060B0199DDAFC2",1) -> =DISPIMG("ID_A0F5DF1EE69948DCA8060B0199DDAFC2",1) | J14: =D14 -> 个 | K14: =E14 -> 1 | L14: 联塑 | M14: =VLOOKUP(F14,'[1]国标管件 1'!$C:$I,7,FALSE) -> 15437 | N14: =M14*K14 -> 15437 | O14: 现货
A15: 8 | B15: 排水管 | C15: 110 | D15: 根 | E15: 5 | F15: 8020010018 | G15: =VLOOKUP(F15,'[1]国标管件 1'!$C:$I,2,FALSE) -> 建筑排水用PVC-U管(A)白色 dn110 4M | H15: =VLOOKUP(F15,'[1]国标管件 1'!$C:$I,3,FALSE) -> PVC-U Drain Pipe (A) 4M dn110 - LESSO | I15: dn110 | J15: 4M/根 | K15: =E15 -> 5 | L15: 联塑 | M15: =VLOOKUP(F15,'[1]国标管件 1'!$C:$I,7,FALSE) -> 159042 | N15: =M15*K15 -> 795210 | O15: 现货
A16: 9 | B16: 排水管 | C16: 存水弯，带检修盖110 | D16: 个 | E16: 10 | F16: 8020020240 | G16: =VLOOKUP(F16,'[1]国标管件 1'!$C:$I,2,FALSE) -> P型存水弯(带检查口)PVC-U排水配件白色 dn110 | H16: =VLOOKUP(F16,'[1]国标管件 1'!$C:$I,3,FALSE) -> dn110 P Trap with cleanout(PVC-U DF) -LESSO | I16: =_xlfn.DISPIMG("ID_5324B4CA577F40F79D0854AE95EAC2B3",1) -> =DISPIMG("ID_5324B4CA577F40F79D0854AE95EAC2B3",1) | J16: =D16 -> 个 | K16: =E16 -> 10 | L16: 联塑 | M16: =VLOOKUP(F16,'[1]国标管件 1'!$C:$I,7,FALSE) -> 59845 | N16: =M16*K16 -> 598450 | O16: 现货
A17: 10 | B17: 排水管 | C17: 110斜三通 | D17: 个 | E17: 7 | F17: 8020020405 | G17: =VLOOKUP(F17,'[1]国标管件 1'!$C:$I,2,FALSE) -> 45°斜三通PVC-U排水配件白色 dn110 | H17: =VLOOKUP(F17,'[1]国标管件 1'!$C:$I,3,FALSE) -> dn110 Wye(PVC-U DF) - LESSO | I17: dn110 | J17: =D17 -> 个 | K17: =E17 -> 7 | L17: 联塑 | M17: =VLOOKUP(F17,'[1]国标管件 1'!$C:$I,7,FALSE) -> 34302 | N17: =M17*K17 -> 240114 | O17: 现货
A18: 11 | B18: 排水管 | C18: 110正三通 | D18: 个 | E18: 8 | F18: 8020020349 | G18: =VLOOKUP(F18,'[1]国标管件 1'!$C:$I,2,FALSE) -> 90°顺水三通(等径三通)PVC-U排水配件白色 dn110 | H18: =VLOOKUP(F18,'[1]国标管件 1'!$C:$I,3,FALSE) -> dn110 Sanitary tee(PVC-U DF) -LESSO | I18: dn110 | J18: =D18 -> 个 | K18: =E18 -> 8 | L18: 联塑 | M18: =VLOOKUP(F18,'[1]国标管件 1'!$C:$I,7,FALSE) -> 26274 | N18: =M18*K18 -> 210192 | O18: 现货
A19: 12 | B19: 排水管 | C19: 110直通 | D19: 个 | E19: 10 | F19: 无货
A20: 13 | B20: 排水管 | C20: 90度弯头 | D20: 个 | E20: 8 | F20: 8020020588 | G20: =VLOOKUP(F20,'[1]国标管件 1'!$C:$I,2,FALSE) -> 90°直角弯头PVC-U排水配件白色 dn110 | H20: =VLOOKUP(F20,'[1]国标管件 1'!$C:$I,3,FALSE) -> elbow dia 90 110mm - LESSO | I20: dn110 | J20: =D20 -> 个 | K20: =E20 -> 8 | L20: 联塑 | M20: =VLOOKUP(F20,'[1]国标管件 1'!$C:$I,7,FALSE) -> 19340 | N20: =M20*K20 -> 154720 | O20: 现货
A21: 14 | B21: 排水管 | C21: 90度弯头，带检修口 | D21: 个 | E21: 2 | F21: 8020020639 | G21: =VLOOKUP(F21,'[1]国标管件 1'!$C:$I,2,FALSE) -> 90°弯头(带检查口)PVC-U排水配件白色 dn110 | H21: =VLOOKUP(F21,'[1]国标管件 1'!$C:$I,3,FALSE) -> dn110 90Elbow w/Co(PVC-U DF) -LESSO | I21: =_xlfn.DISPIMG("ID_9B50CA48978940CE99789BC2AF98BF88",1) -> =DISPIMG("ID_9B50CA48978940CE99789BC2AF98BF88",1) | J21: =D21 -> 个 | K21: =E21 -> 2 | L21: 联塑 | M21: =VLOOKUP(F21,'[1]国标管件 1'!$C:$I,7,FALSE) -> 25180 | N21: =M21*K21 -> 50360 | O21: 现货
A22: 15 | B22: 排水管 | C22: 45度弯头 | D22: 个 | E22: 16 | F22: 8020020556 | G22: =VLOOKUP(F22,'[1]国标管件 1'!$C:$I,2,FALSE) -> 45°弯头PVC-U排水配件白色 dn110 | H22: =VLOOKUP(F22,'[1]国标管件 1'!$C:$I,3,FALSE) -> 45° Elbow (PVC-U DF) dn110 - LESSO | I22: dn110 | J22: =D22 -> 个 | K22: =E22 -> 16 | L22: 联塑 | M22: =VLOOKUP(F22,'[1]国标管件 1'!$C:$I,7,FALSE) -> 14562 | N22: =M22*K22 -> 232992 | O22: 现货
A23: 16 | B23: 排水管 | C23: 100变50三通 | D23: 个 | E23: 10 | F23: 8020020430 | G23: 90°异径三通PVC-U排水配件白色 dn110×50 | H23: =VLOOKUP(F23,'[1]国标管件 1'!$C:$I,3,FALSE) -> Reducing Tee Drainage PVC-U dn110×50 - LESSO | I23: dn110×50 | J23: 个 | K23: =E23 -> 10 | L23: 联塑 | M23: =VLOOKUP(F23,'[1]国标管件 1'!$C:$I,7,FALSE) -> 16142 | N23: =M23*K23 -> 161420 | O23: 现货
A24: 17 | B24: 排水管 | C24: 100变50直通 | D24: 个 | E24: 10 | F24: 8020020047 | G24: 大小头PVC-U排水配件白色 dn110×50 | H24: =VLOOKUP(F24,'[1]国标管件 1'!$C:$I,3,FALSE) -> Reducer 110mm x 50mm - LESSO | I24: dn110×50 | J24: 个 | K24: =E24 -> 10 | L24: 联塑 | M24: =VLOOKUP(F24,'[1]国标管件 1'!$C:$I,7,FALSE) -> 6277 | N24: =M24*K24 -> 62770 | O24: 现货
A25: 18 | B25: 排水管 | C25: 50正三通 | D25: 个 | E25: 10 | F25: 8020020343 | G25: 90°顺水三通(等径三通)PVC-U排水配件白色 dn50 | H25: =VLOOKUP(F25,'[1]国标管件 1'!$C:$I,3,FALSE) -> dn50 Sanitary tee(PVC-U DF) -LESSO | I25: dn50 | J25: 个 | K25: =E25 -> 10 | L25: 联塑 | M25: =VLOOKUP(F25,'[1]国标管件 1'!$C:$I,7,FALSE) -> 3905 | N25: =M25*K25 -> 39050 | O25: 现货
A26: 19 | B26: 排水管 | C26: 分两片管卡 | D26: 个 | E26: 20 | F26: 8020020186 | G26: =VLOOKUP(F26,'[1]国标管件 1'!$C:$I,2,FALSE) -> Ⅲ型管卡PVC-U排水配件白色 dn110 | H26: =VLOOKUP(F26,'[1]国标管件 1'!$C:$I,3,FALSE) -> dn110 Pipe clamp(T|PVC-U DF) -LESSO | I26: =_xlfn.DISPIMG("ID_A795FFADFCFE45248E1BDD65B948AE2F",1) -> =DISPIMG("ID_A795FFADFCFE45248E1BDD65B948AE2F",1) | J26: =D26 -> 个 | K26: =E26 -> 20 | L26: 联塑 | M26: =VLOOKUP(F26,'[1]国标管件 1'!$C:$I,7,FALSE) -> 8722 | N26: =M26*K26 -> 174440 | O26: 现货
A27: 20 | B27: 排水管 | C27: 直通 | D27: 个 | E27: 6 | F27: 8020020756 | G27: =VLOOKUP(F27,'[1]国标管件 1'!$C:$I,2,FALSE) -> 直通(管)PVC-U排水配件白色dn75 | H27: =VLOOKUP(F27,'[1]国标管件 1'!$C:$I,3,FALSE) -> Coupling PVC-U Drainage Fittings White dn75 - LESSO | I27: dn75 | J27: =D27 -> 个 | K27: =E27 -> 6 | L27: 联塑 | M27: =VLOOKUP(F27,'[1]国标管件 1'!$C:$I,7,FALSE) -> 4200 | N27: =M27*K27 -> 25200 | O27: 现货
A28: 21 | B28: 排水管 | C28: 50 | D28: 根 | E28: 6 | F28: 8020010109 | G28: =VLOOKUP(F28,'[1]国标管件 1'!$C:$I,2,FALSE) -> 建筑排水用PVC-U管(A)白色 dn50 4M | H28: =VLOOKUP(F28,'[1]国标管件 1'!$C:$I,3,FALSE) -> Drain Pipe PVC-U (A) dn50 4M - LESSO | I28: dn50 | J28: 4M/根 | K28: =E28 -> 6 | L28: 联塑 | M28: =VLOOKUP(F28,'[1]国标管件 1'!$C:$I,7,FALSE) -> 46875 | N28: =M28*K28 -> 281250 | O28: 现货
A29: 22 | B29: 排水管 | C29: 存水弯，带检修盖50 | D29: 个 | E29: 15 | F29: 8020020266 | G29: =VLOOKUP(F29,'[1]国标管件 1'!$C:$I,2,FALSE) -> 存水弯(带检查口)PVC-U排水配件白色 dn50 | H29: =VLOOKUP(F29,'[1]国标管件 1'!$C:$I,3,FALSE) -> Trap With Cleanout (PVC-U DF) dn50 - LESSO | I29: =_xlfn.DISPIMG("ID_9BBD092970FF48ABAA27E100FD34BE68",1) -> =DISPIMG("ID_9BBD092970FF48ABAA27E100FD34BE68",1) | J29: =D29 -> 个 | K29: =E29 -> 15 | L29: 联塑 | M29: =VLOOKUP(F29,'[1]国标管件 1'!$C:$I,7,FALSE) -> 4717 | N29: =M29*K29 -> 70755 | O29: 现货
A30: 23 | B30: 排水管 | C30: 50斜三通 | D30: 个 | E30: 5 | F30: 8020020410 | G30: =VLOOKUP(F30,'[1]国标管件 1'!$C:$I,2,FALSE) -> 45°斜三通PVC-U排水配件白色 dn50 | H30: =VLOOKUP(F30,'[1]国标管件 1'!$C:$I,3,FALSE) -> dn50 Wye(PVC-U DF) -LESSO | I30: dn50 | J30: =D30 -> 个 | K30: =E30 -> 5 | L30: 联塑 | M30: =VLOOKUP(F30,'[1]国标管件 1'!$C:$I,7,FALSE) -> 5184 | N30: =M30*K30 -> 25920 | O30: 现货
A31: 24 | B31: 排水管 | C31: 50正三通 | D31: 个 | E31: 10 | F31: 8020020343 | G31: =VLOOKUP(F31,'[1]国标管件 1'!$C:$I,2,FALSE) -> 90°顺水三通(等径三通)PVC-U排水配件白色 dn50 | H31: =VLOOKUP(F31,'[1]国标管件 1'!$C:$I,3,FALSE) -> dn50 Sanitary tee(PVC-U DF) -LESSO | I31: dn50 | J31: =D31 -> 个 | K31: =E31 -> 10 | L31: 联塑 | M31: =VLOOKUP(F31,'[1]国标管件 1'!$C:$I,7,FALSE) -> 3905 | N31: =M31*K31 -> 39050 | O31: 现货
A32: 25 | B32: 排水管 | C32: 50直通 | D32: 个 | E32: 10 | F32: 无货
A33: 26 | B33: 排水管 | C33: 90度弯头 | D33: 个 | E33: 10 | F33: 8020020597 | G33: =VLOOKUP(F33,'[1]国标管件 1'!$C:$I,2,FALSE) -> 90°直角弯头PVC-U排水配件白色 dn50 | H33: =VLOOKUP(F33,'[1]国标管件 1'!$C:$I,3,FALSE) -> elbow dia 90 50mm - LESSO | I33: dn50 | J33: =D33 -> 个 | K33: =E33 -> 10 | L33: 联塑 | M33: =VLOOKUP(F33,'[1]国标管件 1'!$C:$I,7,FALSE) -> 3230 | N33: =M33*K33 -> 32300 | O33: 现货
A34: 27 | B34: 排水管 | C34: 45度弯头 | D34: 个 | E34: 20 | F34: 8020020563 | G34: =VLOOKUP(F34,'[1]国标管件 1'!$C:$I,2,FALSE) -> 45°弯头PVC-U排水配件白色 dn50 | H34: =VLOOKUP(F34,'[1]国标管件 1'!$C:$I,3,FALSE) -> 45° Elbow (PVC-U DF) dn50 - LESSO | I34: dn50 | J34: =D34 -> 个 | K34: =E34 -> 20 | L34: 联塑 | M34: =VLOOKUP(F34,'[1]国标管件 1'!$C:$I,7,FALSE) -> 2159 | N34: =M34*K34 -> 43180 | O34: 现货
A35: 28 | B35: 排水管 | C35: 分两片管卡 | D35: 个 | E35: 16 | F35: 8020020187 | G35: =VLOOKUP(F35,'[1]国标管件 1'!$C:$I,2,FALSE) -> Ⅲ型管卡PVC-U排水配件白色 dn50 | H35: =VLOOKUP(F35,'[1]国标管件 1'!$C:$I,3,FALSE) -> dn50 Pipe clamp(T|PVC-U DF) -LESSO | I35: =_xlfn.DISPIMG("ID_41FA737B82EC4BCB811485D56B043164",1) -> =DISPIMG("ID_41FA737B82EC4BCB811485D56B043164",1) | J35: =D35 -> 个 | K35: =E35 -> 16 | L35: 联塑 | M35: =VLOOKUP(F35,'[1]国标管件 1'!$C:$I,7,FALSE) -> 4307 | N35: =M35*K35 -> 68912 | O35: 现货
A36: 29 | B36: 排水管 | C36: 50U型管卡 | D36: 个 | E36: 10 | F36: 无货
A37: 30 | B37: ppr | C37: 50变40直通 | D37: 个 | E37: 1 | F37: 8010071454 | G37: =VLOOKUP(F37,[1]LESSO管材!$C:$L,2,FALSE) -> 异径套(PPR 配件)印尼绿色 dn50x40 (1-1/2"x1-1/4") 联塑 | H37: =VLOOKUP(F37,[1]LESSO管材!$C:$L,3,FALSE) -> PPR Reducer dn50x40 (1-1/2"x1-1/4") Green(INA) - LESSO | I37: dn50x40 | J37: 个 | K37: 1 | L37: 联塑 | M37: =VLOOKUP(F37,[1]LESSO管材!$C:$L,10,FALSE) -> 8290 | N37: =M37*K37 -> 8290 | O37: 现货
A38: 31 | B38: PPR管 | C38: 40 | D38: 根 | E38: 5 | F38: 8010062268 | G38: =VLOOKUP(F38,[1]LESSO管材!$C:$L,2,FALSE) -> (IDN)PPR冷给水直管S5(1.0MPa)印尼绿色 dn40 (1-1/4") 4M/根 联塑 | H38: =VLOOKUP(F38,[1]LESSO管材!$C:$L,3,FALSE) -> (IDN)PPR Pipe S5(1.0Mpa) dn40 (1-1/4") 4M/pcs Green(INA) - LESSO | I38: dn40 | J38: 4M/根 | K38: =E38 -> 5 | L38: 联塑 | M38: =VLOOKUP(F38,[1]LESSO管材!$C:$L,10,FALSE) -> 66142 | N38: =M38*K38 -> 330710 | O38: 现货
A39: 32 | B39: PPR管 | C39: 直通 | D39: 个 | E39: 10 | F39: 8010071380 | G39: =VLOOKUP(F39,[1]LESSO管材!$C:$L,2,FALSE) -> 直通(PPR 配件)印尼绿色 dn40 (1-1/4") 联塑 | H39: =VLOOKUP(F39,[1]LESSO管材!$C:$L,3,FALSE) -> PPR Coupling dn40 (1-1/4")- LESSO | I39: dn40 | J39: =D39 -> 个 | K39: =E39 -> 10 | L39: 联塑 | M39: =VLOOKUP(F39,[1]LESSO管材!$C:$L,10,FALSE) -> 4514 | N39: =M39*K39 -> 45140 | O39: 现货
A40: 33 | B40: PPR管 | C40: 45度弯头 | D40: 个 | E40: 4 | F40: 8010071438 | G40: =VLOOKUP(F40,[1]LESSO管材!$C:$L,2,FALSE) -> 45°弯头(PPR 配件)印尼绿色 dn40 (1-1/4") 联塑 | H40: =VLOOKUP(F40,[1]LESSO管材!$C:$L,3,FALSE) -> PPR 45° Elbow dn40 (1-1/4") Green(INA) - LESSO | I40: dn40 | J40: =D40 -> 个 | K40: =E40 -> 4 | L40: 联塑 | M40: =VLOOKUP(F40,[1]LESSO管材!$C:$L,10,FALSE) -> 6720 | N40: =M40*K40 -> 26880 | O40: 现货
A41: 34 | B41: PPR管 | C41: 90度弯头 | D41: 个 | E41: 10 | F41: 8010071404 | G41: =VLOOKUP(F41,[1]LESSO管材!$C:$L,2,FALSE) -> 90°弯头(PPR 配件)印尼绿色 dn40 (1-1/4") 联塑 | H41: =VLOOKUP(F41,[1]LESSO管材!$C:$L,3,FALSE) -> PPR 90° Elbow dn40 (1-1/4") Green(INA) - LESSO | I41: dn40 | J41: =D41 -> 个 | K41: =E41 -> 10 | L41: 联塑 | M41: =VLOOKUP(F41,[1]LESSO管材!$C:$L,10,FALSE) -> 7456 | N41: =M41*K41 -> 74560 | O41: 现货
A42: 35 | B42: PPR管 | C42: 正三通 | D42: 个 | E42: 4 | F42: 8010071414 | G42: =VLOOKUP(F42,[1]LESSO管材!$C:$L,2,FALSE) -> 90°等径三通(PPR 配件)印尼绿色 dn40 (1-1/4") 联塑 | H42: =VLOOKUP(F42,[1]LESSO管材!$C:$L,3,FALSE) -> PPR 90° Tee dn40 (1-1/4") Green(INA) - LESSO | I42: dn40 | J42: =D42 -> 个 | K42: =E42 -> 4 | L42: 联塑 | M42: =VLOOKUP(F42,[1]LESSO管材!$C:$L,10,FALSE) -> 9026 | N42: =M42*K42 -> 36104 | O42: 现货
A43: 36 | B43: PPR管 | C43: 40变25三通 | D43: 个 | E43: 6 | F43: 8010071364 | G43: 90°异径三通(PPR 配件)印尼绿色 dn40x25 (1-1/4"x3/4") 联塑 | H43: =VLOOKUP(F43,[1]LESSO管材!$C:$L,3,FALSE) -> PPR 90° Reducing Tee dn40x25 (1-1/4"x3/4") Green(INA) - LESSO | I43: dn40x25 | J43: =D43 -> 个 | K43: =E43 -> 6 | L43: 联塑 | M43: =VLOOKUP(F43,[1]LESSO管材!$C:$L,10,FALSE) -> 8732 | N43: =M43*K43 -> 52392 | O43: 现货
A44: 37 | B44: PPR管 | C44: 40变25直通 | D44: 个 | E44: 2 | F44: 8010071449 | G44: 异径套(PPR 配件)印尼绿色 dn40x25 (1-1/4"x3/4") 联塑 | H44: =VLOOKUP(F44,[1]LESSO管材!$C:$L,3,FALSE) -> PPR Reducer dn40x25 (1-1/4"x3/4") Green(INA) - LESSO | I44: dn40x25 | J44: =D44 -> 个 | K44: =E44 -> 2 | L44: 联塑 | M44: =VLOOKUP(F44,[1]LESSO管材!$C:$L,10,FALSE) -> 3778 | N44: =M44*K44 -> 7556 | O44: 现货
A45: 38 | B45: 40管夹 | C45: O型分半管夹 | D45: 个 | E45: 10 | F45: 8010072791 | G45: =VLOOKUP(F45,[1]LESSO管材!$C:$L,2,FALSE) -> Ⅰ型管卡(不配爆破螺丝)(PPR 配件)印尼绿色 dn40 (1-1/4") 联塑 | H45: =VLOOKUP(F45,[1]LESSO管材!$C:$L,3,FALSE) -> PPR Pipe Clamp I (without Screw) dn40 (1-1/4") Green(INA) - LESSO | I45: =_xlfn.DISPIMG("ID_9611E2F7BDC3411C9D54C9B0C3D903CE",1) -> =DISPIMG("ID_9611E2F7BDC3411C9D54C9B0C3D903CE",1) | J45: =D45 -> 个 | K45: =E45 -> 10 | L45: 联塑 | M45: =VLOOKUP(F45,[1]LESSO管材!$C:$L,10,FALSE) -> 1570 | N45: =M45*K45 -> 15700 | O45: 现货
A46: 39 | B46: 40管夹 ppr | C46: U型不锈钢管卡 | D46: 个 | E46: 15 | F46: 无货
A47: 40 | B47: PPR管 | C47: 25 | D47: 根 | E47: 13 | F47: 8010062266 | G47: =VLOOKUP(F47,[1]LESSO管材!$C:$L,2,FALSE) -> (IDN)PPR冷给水直管S5(1.0MPa)印尼绿色 dn25 (3/4") 4M/根 联塑 | H47: =VLOOKUP(F47,[1]LESSO管材!$C:$L,3,FALSE) -> (IDN)PPR Pipe S5(1.0Mpa) dn25 (3/4") 4M/pcs Green(INA) - LESSO | I47: dn25 | J47: 4M/根 | K47: =E47 -> 13 | L47: 联塑 | M47: =VLOOKUP(F47,[1]LESSO管材!$C:$L,10,FALSE) -> 25360 | N47: =M47*K47 -> 329680 | O47: 现货
A48: 41 | B48: PPR管 | C48: 直通 | D48: 个 | E48: 20 | F48: 8010071378 | G48: =VLOOKUP(F48,[1]LESSO管材!$C:$L,2,FALSE) -> 直通(PPR 配件)印尼绿色 dn25 (3/4") 联塑 | H48: =VLOOKUP(F48,[1]LESSO管材!$C:$L,3,FALSE) -> PPR Coupling dn25 (3/4") Green(INA) - LESSO | I48: dn25 | J48: =D48 -> 个 | K48: =E48 -> 20 | L48: 联塑 | M48: =VLOOKUP(F48,[1]LESSO管材!$C:$L,10,FALSE) -> 1619 | N48: =M48*K48 -> 32380 | O48: 现货
A49: 42 | B49: PPR管 | C49: 弯头 | D49: 个 | E49: 20 | F49: 8010071402 | G49: =VLOOKUP(F49,[1]LESSO管材!$C:$L,2,FALSE) -> 90°弯头(PPR 配件)印尼绿色 dn25 (3/4") 联塑 | H49: =VLOOKUP(F49,[1]LESSO管材!$C:$L,3,FALSE) -> PPR 90° Elbow dn25 (3/4") Green(INA) - LESSO | I49: dn25 | J49: =D49 -> 个 | K49: =E49 -> 20 | L49: 联塑 | M49: =VLOOKUP(F49,[1]LESSO管材!$C:$L,10,FALSE) -> 1713 | N49: =M49*K49 -> 34260 | O49: 现货
A50: 43 | B50: PPR管 | C50: 三通 | D50: 个 | E50: 20 | F50: 8010071412 | G50: =VLOOKUP(F50,[1]LESSO管材!$C:$L,2,FALSE) -> 90°等径三通(PPR 配件)印尼绿色 dn25 (3/4") 联塑 | H50: =VLOOKUP(F50,[1]LESSO管材!$C:$L,3,FALSE) -> PPR 90° Tee dn25 (3/4") Green(INA) - LESSO | I50: dn25 | J50: =D50 -> 个 | K50: =E50 -> 20 | L50: 联塑 | M50: =VLOOKUP(F50,[1]LESSO管材!$C:$L,10,FALSE) -> 2748 | N50: =M50*K50 -> 54960 | O50: 现货
A51: 44 | B51: PPR管 | C51: U型管卡 | D51: 个 | E51: 100 | F51: 8010071431 | G51: 管卡(PPR 配件)印尼绿色 dn25 (3/4") 联塑 | H51: PPR Pipe Clamp dn25 (3/4") Green(INA) - LESSO | I51: =_xlfn.DISPIMG("ID_AF0BB8897B7642498ACC2BCBEF02CE29",1) -> =DISPIMG("ID_AF0BB8897B7642498ACC2BCBEF02CE29",1) | J51: 个 | K51: 100 | L51: 联塑 | M51: 786 | N51: =M51*K51 -> 78600 | O51: 现货
A52: 45 | B52: PPR管 | C52: 25三通中部内牙变为20（可安装水龙头） | D52: 个 | E52: 10 | F52: 8010071472 | G52: =VLOOKUP(F52,[1]LESSO管材!$C:$L,2,FALSE) -> 内螺纹三通Ⅰ型(PPR 配件)印尼绿色 dn25x1/2" 联塑 | H52: =VLOOKUP(F52,[1]LESSO管材!$C:$L,3,FALSE) -> PPR Female Thread Tee I dn25x1/2" Green(INA) - LESSO | I52: =_xlfn.DISPIMG("ID_310BCAB92505492DB393CF79309F500D",1) -> =DISPIMG("ID_310BCAB92505492DB393CF79309F500D",1) | J52: =D52 -> 个 | K52: =E52 -> 10 | L52: 联塑 | M52: =VLOOKUP(F52,[1]LESSO管材!$C:$L,10,FALSE) -> 10556 | N52: =M52*K52 -> 105560 | O52: 现货
A53: 46 | B53: PPR管 | C53: 25 90度内牙变为20（可安装水龙头） | D53: 个 | E53: 15 | F53: 8010071394 | G53: =VLOOKUP(F53,[1]LESSO管材!$C:$L,2,FALSE) -> 内螺纹弯头Ⅰ型(PPR 配件)印尼绿色 dn25x1/2" 联塑 | H53: =VLOOKUP(F53,[1]LESSO管材!$C:$L,3,FALSE) -> PPR Female Thread Elbow I dn25x1/2" Green(INA) - LESSO | I53: =_xlfn.DISPIMG("ID_4D762A14AE084F258A03B4C4432AB565",1) -> =DISPIMG("ID_4D762A14AE084F258A03B4C4432AB565",1) | J53: =D53 -> 个 | K53: =E53 -> 15 | L53: 联塑 | M53: =VLOOKUP(F53,[1]LESSO管材!$C:$L,10,FALSE) -> 10100 | N53: =M53*K53 -> 151500 | O53: 现货
A54: 47 | B54: 生料带 | D54: 卷 | E54: 30 | F54: GPR-EQ07E01001 | G54: =VLOOKUP(F54,[1]LESSO管材!$C:$L,2,FALSE) -> Sealtape HQ 12mm x10M 生料带 | H54: =VLOOKUP(F54,[1]LESSO管材!$C:$L,3,FALSE) -> SEALTAPE | J54: =D54 -> 卷 | K54: =E54 -> 30 | M54: =VLOOKUP(F54,[1]LESSO管材!$C:$L,10,FALSE) -> 3862 | N54: =M54*K54 -> 115860 | O54: 现货
A55: 48 | B55: PVC排水管胶水 | C55: 大胶水 | D55: 瓶 | E55: 2 | F55: GPR-LL02L00004 | G55: =VLOOKUP(F55,[1]LESSO管材!$C:$L,2,FALSE) -> PVC 胶水(莱姆) 400g - ISARPLAS | H55: =VLOOKUP(F55,[1]LESSO管材!$C:$L,3,FALSE) -> Glue PVC 400g - ISARPLAS | J55: =D55 -> 瓶 | K55: =E55 -> 2 | M55: =VLOOKUP(F55,[1]LESSO管材!$C:$L,10,FALSE) -> 54772 | N55: =M55*K55 -> 109544 | O55: 现货
A56: 49 | B56: PVC线管 | C56: 20MM直径 | D56: 条 | E56: 5 | F56: 8030050068 | G56: =VLOOKUP(F56,[1]LESSO管材!$C:$L,2,FALSE) -> PVC电线管(B管)白色 dn20 2.9M/根 联塑 | H56: =VLOOKUP(F56,[1]LESSO管材!$C:$L,3,FALSE) -> PVC Conduit (grade B) dn20 2.9M/pc White - LESSO | J56: 条 | K56: 5 | L56: 联塑 | M56: =VLOOKUP(F56,[1]LESSO管材!$C:$L,10,FALSE) -> 6173 | N56: =M56*K56 -> 30865 | O56: 现货
A57: 50 | B57: 弯管弹簧 | C57: 20 | D57: 条 | E57: 1 | F57: 8030020361 | G57: =VLOOKUP(F57,[1]LESSO管材!$C:$L,2,FALSE) -> 弯管弹簧PVC电工套管配件工具 Φ20B 联塑 | H57: =VLOOKUP(F57,[1]LESSO管材!$C:$L,3,FALSE) -> PVC Conduit Bending Spring (for Gade B Conduit) dn20 White - LESSO | J57: 条 | K57: 1 | L57: 联塑 | M57: =VLOOKUP(F57,[1]LESSO管材!$C:$L,10,FALSE) -> 15140 | N57: =M57*K57 -> 15140 | O57: 现货
A58: 51 | B58: 100变 50的补芯 | D58: 个 | E58: 10 | F58: 8020020047 | G58: =VLOOKUP(F58,'[1]国标管件 1'!$C:$D,2,FALSE) -> 大小头PVC-U排水配件白色 dn110×50 | H58: =VLOOKUP(F58,'[1]国标管件 1'!$C:$DL,3,FALSE) -> Reducer 110mm x 50mm - LESSO | I58: dn110x50 | J58: 个 | K58: =E58 -> 10 | L58: 联塑 | M58: =VLOOKUP(F58,'[1]国标管件 1'!$C:$L,7,FALSE) -> 6277 | N58: =M58*K58 -> 62770 | O58: 现货
A59: 52 | B59: 100堵头封盖 | D59: 个 | E59: 2 | F59: 无货
A60: 53 | B60: 150堵头封盖 | D60: 个 | E60: 1 | F60: 无货
A61: Total Excluding PPN不含税总价 | N61: =SUM(N8:N60) -> 7781561
A62: 是否含PPN 11%/ Inc.or Exc.PPN 11% | N62: =N61*0.11 -> 855971.71
A63: 运费支付Freight Payment | N63: 0
A64: Total Include PPN (11%)含税总价 | N64: =SUM(N61:N63) -> 8637532.7
A65: 交货地点 / Franco / Pengiriman
A66: Perusahaan yang memberikan penawaran 报价公司名称 | I66: Tanggal Penawaran 报价日期 | K66: 46192
A67: Petugas Pengisian Formulir 报单人员 | I67: Petugas Pengecekkan 审查人员/紧急联系人 | K67: Yane Fahira：082389223344
A68: 1、备注：LALAMOVE，运费客户支付（lalamove，Freight paid by the customer） 2、Delivery Time 交货时间： 3、Packaging包装： 4、Guarantee 保证：卖方保证所售商品的质量和安全，所售商品不存在任何缺陷或损坏。 买方需要在收到货物后最多 2 天检查已收到的货物。 5、Payment Methode：Pembayaran 100% sebelum pengiriman 付款方式： 出货前100%付款 6、Account Name 账户名称：PT. Vantsing International Group Account No账号：268-0321666 Bank 银行：Bank Central Asia KCP Grogol Muwardi Branch 分行：Jl. Muwardi I No.44, RT.1/RW.4, Grogol, Kec. Grogol petamburan, Kota Jakarta Barat, Daerah Khusus Ibukota Jakarta 11460
A69: This Purchase Order is made and signed on the day and date as stated, made in 2 (two) original copies signed by the parties with sufficient stamp duty, each of which has the same binding legal force. 本采购订单于规定日期签署，一式两（2）份原件，由双方签字并加盖足够的印花税，每份具有同等的法律约束力。
A70: Buyer 购买方 | C70: =_xlfn.DISPIMG("ID_3737CE24C50E4053AAD262A872EA4A24",1) -> =DISPIMG("ID_3737CE24C50E4053AAD262A872EA4A24",1)
A71: Seller出售方
